<?xml version="1.0" ?>
<!DOCTYPE package-info SYSTEM "http://www.simplemachines.org/xml/package-info">

<package-info xmlns="http://www.simplemachines.org/xml/package-info" xmlns:smf="http://www.simplemachines.org/">

	<name>Email Inactive Users</name>
	<id>Suki:eIU</id>
	<version>1.1.1</version>
	<type>modification</type>

	<install for="2.0 - 2.0.99">
		<readme parsebbc="true">README.md</readme>
		<database>install.php</database>
		<code>hooks.php</code>
		<modification>eIU.xml</modification>
		<require-dir name="Themes" destination="$boarddir">Theme and Language files</require-dir>
		<require-file name="Sources/emailInactiveUsers.php" destination="$sourcedir">Source file</require-file>
		<redirect url="$scripturl?action=admin;area=eiu" timeout="3000"></redirect>
	</install>

	<uninstall for="2.0 - 2.0.99">
		<code>removeScheduledTask.php</code>
		<code>remove.php</code>
		<database>install.php</database>
		<modification reverse="true">eIU.xml</modification>
		<remove-file name="$sourcedir/emailInactiveUsers.php" />
		<remove-file name="$languagedir/emailInactiveUsers.english.php" />
		<remove-file name="$languagedir/emailInactiveUsers.english-utf8.php" />
		<remove-file name="$languagedir/emailInactiveUsers.spanish_latin-utf8.php" />
		<remove-file name="$languagedir/emailInactiveUsers.spanish_latin.php" />
		<remove-file name="$themedir/emailInactiveUsers.template.php" />
	</uninstall>
</package-info>
