<?xml version="1.0" ?>
<!DOCTYPE modification SYSTEM "http://www.simplemachines.org/xml/modification">

<modification xmlns="http://www.simplemachines.org/xml/modification" xmlns:smf="http://www.simplemachines.org/">
	<id>Suki:ohara_youtube_embed</id>
	<version>1.2.9</version>

	<file name="$sourcedir/Post.php">
		<operation>
			<search position="replace"><![CDATA[if ($smcFunc['htmltrim'](strip_tags(parse_bbc($_POST['message'], false), '<img>')) === '' && (!allowedTo('admin_forum') || strpos($_POST['message'], '[html]') === false))]]></search>
			<add><![CDATA[if ($smcFunc['htmltrim'](strip_tags(parse_bbc($_POST['message'], false), '<img><iframe><video><div>')) === '' && (!allowedTo('admin_forum') || strpos($_POST['message'], '[html]') === false))]]></add>
		</operation>
		<operation>
			<search position="replace"><![CDATA[if ($smcFunc['htmltrim'](strip_tags(parse_bbc($_POST['message'], false), '<img>')) === '')]]></search>
			<add><![CDATA[if ($smcFunc['htmltrim'](strip_tags(parse_bbc($_POST['message'], false), '<img><iframe><video><div>')) === '')]]></add>
		</operation>
	</file>
	<file name="$sourcedir/Subs.php">
	<operation>
			<search position="replace"><![CDATA[// Sift out the bbc for a performance improvement.]]></search>
			<add><![CDATA[// Ohara youtube embed
	$message = OYTE_Preparse($message);

	// Sift out the bbc for a performance improvement.]]></add>
		</operation>
	</file>
</modification>
