<?xml version="1.0" ?>
<!DOCTYPE package-info SYSTEM "http://www.simplemachines.org/xml/package-info">

<package-info xmlns="http://www.simplemachines.org/xml/package-info" xmlns:smf="http://www.simplemachines.org/">

	<name>Ohara YouTube Embed</name>
	<id>Suki:ohara_youtube_embed</id>
	<version>1.2.9</version>
	<type>modification</type>

	<install for="2.0 - 2.0.99">
		<readme parsebbc="true">readme.txt</readme>
		<code>addHooks.php</code>
		<modification>OharaYTEmbed.xml</modification>
		<require-dir name="Themes" destination="$boarddir">Theme and Language files</require-dir>
		<require-file name="Sources/OharaYTEmbed.php" destination="$sourcedir">The main file</require-file>
		<require-file name="youtube.gif" destination="$imagesdir/bbc" />
		<require-file name="vimeo.gif" destination="$imagesdir/bbc" />
		<require-file name="gifv.gif" destination="$imagesdir/bbc" />
		<redirect url="index.php?action=admin;area=modsettings;sa=general" timeout="1000"></redirect>
	</install>

	<uninstall for="2.0 - 2.0.99">
		<code>removeHooks.php</code>
		<modification reverse="true">OharaYTEmbed.xml</modification>
		<remove-file name="$sourcedir/OharaYTEmbed.php" />
		<remove-file name="$languagedir/OharaYTEmbed.english.php" />
		<remove-file name="$languagedir/OharaYTEmbed.english-utf8.php" />
		<remove-file name="$languagedir/OharaYTEmbed.spanish_es" />
		<remove-file name="$languagedir/OharaYTEmbed.spanish_es_utf8" />
		<remove-file name="$languagedir/OharaYTEmbed.spanish_latin_utf8" />
		<remove-file name="$languagedir/OharaYTEmbed.spanish_latin" />
		<remove-file name="$imagesdir/bbc/youtube.gif" />
		<remove-file name="$imagesdir/bbc/vimeo.gif" />
		<remove-file name="$imagesdir/bbc/gifv.gif" />
		<remove-file name="$themedir/scripts/ohyoutube.js" />
		<remove-file name="$themedir/scripts/ohyoutube.min.js" />
		<remove-file name="$themedir/css/oharaEmbed.css" />
	</uninstall>
</package-info>
